1;Recursos Humanos
2;Tecnología de la Información
3;Finanzas
4;Marketing
5;Ventas
6;Operaciones
7;Investigación y Desarrollo
8;Servicio al Cliente
9;Logística
10;Administración
11;Compras
12;Legal
13;Calidad
14;Proyectos
15;Relaciones Públicas
16;Comunicación
17;Desarrollo Organizacional
18;Sistemas
19;Seguridad
20;Medio Ambiente
21;Auditoría
22;Contraloría
23;Planificación
24;Transporte
25;Infraestructura
26;Producción
27;Mantenimiento
28;Almacén
29;Control de Gestión
30;Responsabilidad Social
31;Recursos Naturales
32;Análisis de Datos
33;Innovación
34;Consultoría
35;Capacitación
36;Estrategia
37;Gobierno Corporativo
38;Investigación de Mercados
39;Desarrollo de Negocios
40;Asesoría Jurídica
41;Soporte Técnico
42;Desarrollo de Software
43;Atención al Cliente
44;Ingeniería
45;Salud y Seguridad Ocupacional
46;Expansión
47;Gestión del Cambio
48;Optimización de Procesos
49;Supervisión
50;Sostenibilidad
