1;Cuero 1;Descripción del cuero 1
2;Cuero 2;Descripción del cuero 2
3;Cuero 3;Descripción del cuero 3
4;Cuero 4;Descripción del cuero 4
5;Cuero 5;Descripción del cuero 5
6;Cuero 6;Descripción del cuero 6
7;Cuero 7;Descripción del cuero 7
8;Cuero 8;Descripción del cuero 8
9;Cuero 9;Descripción del cuero 9
10;Cuero 10;Descripción del cuero 10
11;Cuero 11;Descripción del cuero 11
12;Cuero 12;Descripción del cuero 12
13;Cuero 13;Descripción del cuero 13
14;Cuero 14;Descripción del cuero 14
15;Cuero 15;Descripción del cuero 15
16;Cuero 16;Descripción del cuero 16
17;Cuero 17;Descripción del cuero 17
18;Cuero 18;Descripción del cuero 18
19;Cuero 19;Descripción del cuero 19
20;Cuero 20;Descripción del cuero 20
21;Cuero 21;Descripción del cuero 21
22;Cuero 22;Descripción del cuero 22
23;Cuero 23;Descripción del cuero 23
24;Cuero 24;Descripción del cuero 24
25;Cuero 25;Descripción del cuero 25
26;Cuero 26;Descripción del cuero 26
27;Cuero 27;Descripción del cuero 27
28;Cuero 28;Descripción del cuero 28
29;Cuero 29;Descripción del cuero 29
30;Cuero 30;Descripción del cuero 30
