1,Juan,Pérez,juan.perez@email.com
2,María,González,maria.gonzalez@email.com
3,Carlos,Hernández,carlos.hernandez@email.com
4,Ana,Martínez,ana.martinez@email.com
5,Pedro,López,pedro.lopez@email.com
6,Sofía,García,sofia.garcia@email.com
7,Lucía,Rodríguez,lucia.rodriguez@email.com
8,Miguel,Sánchez,miguel.sanchez@email.com
9,Elena,Díaz,elena.diaz@email.com
10,Francisco,Fernández,francisco.fernandez@email.com
11,Isabel,Gómez,isabel.gomez@email.com
12,Javier,Pérez,javier.perez@email.com
13,Cristina,Hernández,cristina.hernandez@email.com
14,Rafael,López,rafael.lopez@email.com
15,María,García,maria.garcia@email.com
16,Pedro,Rodríguez,pedro.rodriguez@email.com
17,Sofía,Sánchez,sofia.sanchez@email.com
18,Lucía,Díaz,lucia.diaz@email.com
19,Miguel,Fernández,miguel.fernandez@email.com
20,Elena,Gómez,elena.gomez@email.com
21,Francisco,Pérez,francisco.perez@email.com
22,Isabel,Hernández,isabel.hernandez@email.com
23,Javier,López,javier.lopez@email.com
24,Cristina,García,cristina.garcia@email.com
25,Rafael,Rodríguez,rafael.rodriguez@email.com
26,María,Sánchez,maria.sanchez@email.com
27,Pedro,Díaz,pedro.diaz@email.com
28,Sofía,Fernández,sofia.fernandez@email.com
29,Lucía,Gómez,lucia.gomez@email.com
30,Miguel,Pérez,miguel.perez@email.com
